Gene	Lead_SNP	Chr	beta_SMR	p_SMR	p_HEIDI
TMEM161B-AS1	rs4916723	5	-0.207836	4.738156e-10	0.04557852
AC091826.2	rs4916723	5	-0.361641	4.935586e-08	0.1380042
LSM6	rs6537401	4	0.0868537	5.782476e-08	0.8166055
AC097372.2	rs6820462	4	-0.135656	1.807678e-07	0.3645299
KIFC2	rs4925811	8	0.164905	2.21051e-07	0.1822604
REELD1	rs3756081	4	0.112682	3.019382e-07	0.6502138
PTPRF	rs11210871	1	-0.340789	7.29117e-07	0.3102622
ZNF34	rs12719778	8	-0.156313	2.75957e-06	0.1547283
