metric	value
n_total_for_smr	6774217
min_p	9.033e-15
max_p	1
mean_freq	0.726958271310175
mean_n	214975.900074651
